Mean_Scale_compressed_mean,Mean_Scale_uncompressed_mean,Δ_Mean_Scale_avg,Std_Scale_compressed_mean,Std_Scale_uncompressed_mean,Δ_Std_Scale_avg
0.08224081534911838,0.08367125966413187,-0.0014304443150134824,0.1389113627282629,0.14066647620553346,-0.0017551134772705581
