Scene,I_count,P_count,I_mean,P_mean,I_median,P_median,Ratio_mean,Ratio_median,Diff_mean,Diff_median,I_min,I_max,P_min,P_max,P_larger_ratio,Max_P_vs_Min_I
grass,7,74,708168.0,425684.75675675675,704368.0,414356.0,1.6635972718296297,1.6999102221278322,282483.24324324325,290012.0,420288,1097704,183288,748936,50.0,1.781959037612304
lab,5,76,312745.6,185551.7894736842,328520.0,164844.0,1.6854895384576982,1.9929145131154304,127193.81052631576,163676.0,257312,342368,84184,390928,23.684210526315788,1.5192762094266883
road,8,86,497780.0,274954.6046511628,440192.0,260184.0,1.8104079421820836,1.6918488454324632,222825.3953488372,180008.0,322200,665832,56016,557896,25.581395348837212,1.7315207945375544
sky,6,96,305652.0,159234.58333333334,286180.0,146576.0,1.9195076446437775,1.9524342320707346,146417.41666666666,139604.0,194376,447824,67720,381680,22.916666666666664,1.9636169074371321
hydrant,5,53,646467.2,329434.11320754717,543264.0,280064.0,1.962356580821727,1.9397851919561244,317033.0867924528,263200.0,291328,1254368,67032,797840,49.056603773584904,2.7386313708260106
stair,9,87,412359.1111111111,202036.50574712644,376808.0,190176.0,2.0410128832223484,1.981364630657917,210322.60536398468,186632.0,350808,494808,70584,440464,3.4482758620689653,1.2555699984036852
pillar,7,67,434389.71428571426,201900.41791044775,375376.0,197680.0,2.15150478033377,1.898907324969648,232489.2963752665,177696.0,357328,672480,31376,361192,1.4925373134328357,1.0108135942327496
